﻿<?xml version="1.0"?>
<doc>
<assembly>
<name>
AIOminer
</name>
</assembly>
<members>
<member name="T:AIOminer.My.Resources.Resources">
<summary>
  A strongly-typed resource class, for looking up localized strings, etc.
</summary>
</member>
<member name="P:AIOminer.My.Resources.Resources.ResourceManager">
<summary>
  Returns the cached ResourceManager instance used by this class.
</summary>
</member>
<member name="P:AIOminer.My.Resources.Resources.Culture">
<summary>
  Overrides the current thread's CurrentUICulture property for all
  resource lookups using this strongly typed resource class.
</summary>
</member>
<member name="P:AIOminer.My.Resources.Resources.aio_logo">
<summary>
  Looks up a localized resource of type System.Drawing.Bitmap.
</summary>
</member>
<member name="P:AIOminer.My.Resources.Resources.beecool">
<summary>
  Looks up a localized resource of type System.Drawing.Bitmap.
</summary>
</member>
<member name="P:AIOminer.My.Resources.Resources.bitcoingold_logo_1">
<summary>
  Looks up a localized resource of type System.Drawing.Bitmap.
</summary>
</member>
<member name="P:AIOminer.My.Resources.Resources.bitcoinz_logo_1">
<summary>
  Looks up a localized resource of type System.Drawing.Bitmap.
</summary>
</member>
<member name="P:AIOminer.My.Resources.Resources.bytecoin_logo_1">
<summary>
  Looks up a localized resource of type System.Drawing.Bitmap.
</summary>
</member>
<member name="P:AIOminer.My.Resources.Resources.Checkmark">
<summary>
  Looks up a localized resource of type System.Drawing.Bitmap.
</summary>
</member>
<member name="P:AIOminer.My.Resources.Resources.Checkmark_300px">
<summary>
  Looks up a localized resource of type System.Drawing.Bitmap.
</summary>
</member>
<member name="P:AIOminer.My.Resources.Resources.electroneum_logo_1">
<summary>
  Looks up a localized resource of type System.Drawing.Bitmap.
</summary>
</member>
<member name="P:AIOminer.My.Resources.Resources.ellaism_logo_1">
<summary>
  Looks up a localized resource of type System.Drawing.Bitmap.
</summary>
</member>
<member name="P:AIOminer.My.Resources.Resources.ethereum_logo_1">
<summary>
  Looks up a localized resource of type System.Drawing.Bitmap.
</summary>
</member>
<member name="P:AIOminer.My.Resources.Resources.ethereumclassic_logo_1">
<summary>
  Looks up a localized resource of type System.Drawing.Bitmap.
</summary>
</member>
<member name="P:AIOminer.My.Resources.Resources.expanse_logo_1">
<summary>
  Looks up a localized resource of type System.Drawing.Bitmap.
</summary>
</member>
<member name="P:AIOminer.My.Resources.Resources.feathercoin_logo_1">
<summary>
  Looks up a localized resource of type System.Drawing.Bitmap.
</summary>
</member>
<member name="P:AIOminer.My.Resources.Resources.halcyon_logo_1">
<summary>
  Looks up a localized resource of type System.Drawing.Bitmap.
</summary>
</member>
<member name="P:AIOminer.My.Resources.Resources.hush_logo_1">
<summary>
  Looks up a localized resource of type System.Drawing.Bitmap.
</summary>
</member>
<member name="P:AIOminer.My.Resources.Resources.karbo_logo_1">
<summary>
  Looks up a localized resource of type System.Drawing.Bitmap.
</summary>
</member>
<member name="P:AIOminer.My.Resources.Resources.komodo_logo_1">
<summary>
  Looks up a localized resource of type System.Drawing.Bitmap.
</summary>
</member>
<member name="P:AIOminer.My.Resources.Resources.logo1_transparent_welcome">
<summary>
  Looks up a localized resource of type System.Drawing.Bitmap.
</summary>
</member>
<member name="P:AIOminer.My.Resources.Resources.metaverse_logo_1">
<summary>
  Looks up a localized resource of type System.Drawing.Bitmap.
</summary>
</member>
<member name="P:AIOminer.My.Resources.Resources.monacoin_logo_1">
<summary>
  Looks up a localized resource of type System.Drawing.Bitmap.
</summary>
</member>
<member name="P:AIOminer.My.Resources.Resources.monero_logo_1">
<summary>
  Looks up a localized resource of type System.Drawing.Bitmap.
</summary>
</member>
<member name="P:AIOminer.My.Resources.Resources.musicoin_logo_1">
<summary>
  Looks up a localized resource of type System.Drawing.Bitmap.
</summary>
</member>
<member name="P:AIOminer.My.Resources.Resources.neutral">
<summary>
  Looks up a localized resource of type System.Drawing.Bitmap.
</summary>
</member>
<member name="P:AIOminer.My.Resources.Resources.orbit_logo_1">
<summary>
  Looks up a localized resource of type System.Drawing.Bitmap.
</summary>
</member>
<member name="P:AIOminer.My.Resources.Resources.pirl_logo_1">
<summary>
  Looks up a localized resource of type System.Drawing.Bitmap.
</summary>
</member>
<member name="P:AIOminer.My.Resources.Resources.pool_logo_1">
<summary>
  Looks up a localized resource of type System.Drawing.Bitmap.
</summary>
</member>
<member name="P:AIOminer.My.Resources.Resources.redx">
<summary>
  Looks up a localized resource of type System.Drawing.Bitmap.
</summary>
</member>
<member name="P:AIOminer.My.Resources.Resources.shovel_med">
<summary>
  Looks up a localized resource of type System.Drawing.Bitmap.
</summary>
</member>
<member name="P:AIOminer.My.Resources.Resources.straks_logo_1">
<summary>
  Looks up a localized resource of type System.Drawing.Bitmap.
</summary>
</member>
<member name="P:AIOminer.My.Resources.Resources.sumokoin_logo_1">
<summary>
  Looks up a localized resource of type System.Drawing.Bitmap.
</summary>
</member>
<member name="P:AIOminer.My.Resources.Resources.trezarcoin_logo_1">
<summary>
  Looks up a localized resource of type System.Drawing.Bitmap.
</summary>
</member>
<member name="P:AIOminer.My.Resources.Resources.vertcoin_logo_1">
<summary>
  Looks up a localized resource of type System.Drawing.Bitmap.
</summary>
</member>
<member name="P:AIOminer.My.Resources.Resources.zcash_logo_1">
<summary>
  Looks up a localized resource of type System.Drawing.Bitmap.
</summary>
</member>
<member name="P:AIOminer.My.Resources.Resources.zclassic_logo_1">
<summary>
  Looks up a localized resource of type System.Drawing.Bitmap.
</summary>
</member>
<member name="P:AIOminer.My.Resources.Resources.zencash_logo_1">
<summary>
  Looks up a localized resource of type System.Drawing.Bitmap.
</summary>
</member>
</members>
</doc>
